{"pelis": [
    {
        "nombre": "Son como Niños",
        "Lanzamiento": 2006,
        "genero": "comedia",
        "actores": "pepe y juana",
        "imagen":"crear-avatares-whatsapp.png",
        "Director": "KOIL",
        "Rancking": "5"
    },
    
   
    {
        "nombre": "La mujer en la ventana ",
        "Lanzamiento": 2020,
        "genero": "suspenso",
        "actores": "Amy Adams,Wyatt Russell",
        "imagen":"Logo-F.png",
        "Director": "Joe Wright",
        "Rancking": "4"
    },
    {"nombre": "Oxígeno",
        "Lanzamiento": 2021,
        "genero": "supervivencia",
        "actores": "Mélanie Laurent, Malik Zidi, Marc Saez, Eric Herson-Macarel",
        "Director": "Alexandre Aja",
        "Rancking": "4"
       
    },
    
    {
        "nombre": "Nadie sale con vida",
        "Lanzamiento": 2021,
        "genero": "suspenso",
        "actores": "Cristina Rodlo ",
        "Director": "David Figlioli",
        "Rancking": "4"
    },
    {   "nombre": "La Isla negra",
        "Lanzamiento": 2021,
        "genero": "supervivencia",
        "actores": "Hanns Zischler, Nicole Mercedes Müller, Alice Dwyer, Sammy Scheuritzel,",
        "Director": "Miguel Alexandre",
        "Rancking": "4"
    },
    {   "nombre": "Distancia de rescate ",
        "Lanzamiento": 2021,
        "genero": "suspenso",
        "actores": "María Valverde, Dolores Fonzi, Guillermo Pfening, ",
        "Director": "Claudia Llosa",
        "Rancking": "9"
    },
    { 
        "nombre": "Mudanza Mortal ",
        "Lanzamiento": 2021,
        "genero": "suspenso",
        "actores": "Ashley Greene",
        "Director": "Peter Winther",
        "Rancking": "7"
        
    },
    {
       
        "nombre": "Bajo cero ",
        "Lanzamiento": 2021,
        "genero": "suspenso",
        "actores": "Javier Gutiérrez, Karra Elejalde, Luis Callejo",
        "Director": "Lluís Quílez",
        "Rancking": "4"
    },   
    {
        
        "nombre": "Cielo Rojo ",
        "imagen":"crear-avatares-whatsapp.png",
        "Lanzamiento": 2021,
        "genero": "suspenso",
        "actores": "Peri Baumeister, Alexander Scheer, Graham McTavish",
        "Director": " Peter Thorwarth",
        "Rancking": "6"
    },
    {
       
        "nombre": "Venom 2",
        "Lanzamiento": 2021,
        "genero": "Fantástico. Acción.",
        "actores": "Tom Hardy, Michelle Williams, Woody Harrelson",
        "Director":  "Andy Serkis",
        "Rancking": "5"
    }
]
}